{
  "total_files": 4,
  "total_settings": 6,
  "detected_patterns": {
    "auth_config": [
      "mcd-coupon-config.example.json"
    ]
  },
  "config_files": [
    {
      "file_path": "/Users/shijianzhong/sking/Skill_Seekers/.skillseeker-cache/mcdonalds-mcp/repos/1_shijianzhong_mcd-coupon/Cargo.toml",
      "relative_path": "Cargo.toml",
      "type": "toml",
      "purpose": "ci_cd_configuration",
      "patterns": [],
      "settings_count": 0,
      "settings": [],
      "parse_errors": [
        "toml/tomli not installed"
      ]
    },
    {
      "file_path": "/Users/shijianzhong/sking/Skill_Seekers/.skillseeker-cache/mcdonalds-mcp/repos/1_shijianzhong_mcd-coupon/mcd-coupon-config.example.json",
      "relative_path": "mcd-coupon-config.example.json",
      "type": "json",
      "purpose": "ci_cd_configuration",
      "patterns": [
        "auth_config"
      ],
      "settings_count": 1,
      "settings": [
        {
          "key": "token",
          "value": "YOUR_TOKEN_HERE",
          "type": "string",
          "env_var": null,
          "description": ""
        }
      ],
      "parse_errors": []
    },
    {
      "file_path": "/Users/shijianzhong/sking/Skill_Seekers/.skillseeker-cache/mcdonalds-mcp/repos/1_shijianzhong_mcd-coupon/mcp.json",
      "relative_path": "mcp.json",
      "type": "json",
      "purpose": "ci_cd_configuration",
      "patterns": [],
      "settings_count": 5,
      "settings": [
        {
          "key": "mcp",
          "value": "local-mcd-coupon",
          "type": "string",
          "env_var": null,
          "description": ""
        },
        {
          "key": "version",
          "value": "0.2.0",
          "type": "string",
          "env_var": null,
          "description": ""
        },
        {
          "key": "description",
          "value": "MCP服务器配置",
          "type": "string",
          "env_var": null,
          "description": ""
        },
        {
          "key": "servers.local-mcd-coupon.url",
          "value": "http://localhost:8081",
          "type": "string",
          "env_var": null,
          "description": ""
        },
        {
          "key": "servers.local-mcd-coupon.description",
          "value": "本地MCP服务器",
          "type": "string",
          "env_var": null,
          "description": ""
        }
      ],
      "parse_errors": []
    },
    {
      "file_path": "/Users/shijianzhong/sking/Skill_Seekers/.skillseeker-cache/mcdonalds-mcp/repos/1_shijianzhong_mcd-coupon/.github/workflows/release.yml",
      "relative_path": ".github/workflows/release.yml",
      "type": "yaml",
      "purpose": "ci_cd_configuration",
      "patterns": [],
      "settings_count": 0,
      "settings": [],
      "parse_errors": [
        "PyYAML not installed"
      ]
    }
  ],
  "errors": []
}