{
  "patterns": [
    {
      "pattern_name": "Service Layer Pattern",
      "confidence": 0.75,
      "evidence": [
        "Service layer: 13 service classes",
        "Services encapsulate business logic"
      ],
      "components": {
        "Services": [
          "browser_use/agent/message_manager/service.py",
          "browser_use/agent/service.py",
          "browser_use/browser/video_recorder.py",
          "browser_use/code_use/service.py",
          "browser_use/dom/service.py",
          "browser_use/integrations/gmail/service.py",
          "browser_use/screenshots/service.py",
          "browser_use/skills/service.py",
          "browser_use/sync/service.py",
          "browser_use/telemetry/service.py",
          "browser_use/tokens/service.py",
          "browser_use/tools/registry/service.py",
          "browser_use/tools/service.py"
        ]
      },
      "framework": null,
      "description": "Encapsulates business logic in service classes"
    }
  ],
  "directory_structure": {
    "docker": 5,
    "chromium": 1,
    "system": 1,
    "python-deps": 1,
    "bin": 3,
    "tests": 68,
    "mind2web_data": 1,
    "ci": 19,
    "interactions": 4,
    "security": 4,
    "models": 31,
    "browser": 34,
    "infrastructure": 6,
    "agent_tasks": 3,
    "scripts": 2,
    "docs": 68,
    "images": 8,
    "development": 3,
    "setup": 2,
    "monitoring": 4,
    "logo": 2,
    "templates": 7,
    "apps": 4,
    "customize": 1,
    "tools": 8,
    "agent": 11,
    "integrations": 3,
    "sandbox": 8,
    "code-agent": 5,
    "skills": 6,
    "actor": 9,
    "static": 3,
    "examples": 120,
    "ui": 4,
    "features": 22,
    "file_system": 3,
    "custom-functions": 10,
    "langchain": 5,
    "observability": 1,
    "discord": 2,
    "agentmail": 2,
    "slack": 3,
    "use-cases": 10,
    "cloud": 9,
    "ad-use": 2,
    "output": 2,
    "news-use": 2,
    "msg-use": 3,
    "getting_started": 5,
    "code_agent": 2,
    ".github": 18,
    "workflows": 10,
    "issue_template": 5,
    "browser_use": 177,
    "code_use": 9,
    "registry": 2,
    "llm": 8,
    "oci_raw": 4,
    "vercel": 3,
    "openrouter": 2,
    "azure": 1,
    "google": 3,
    "groq": 3,
    "deepseek": 2,
    "anthropic": 2,
    "aws": 4,
    "cerebras": 2,
    "ollama": 2,
    "mistral": 3,
    "openai": 4,
    "screenshots": 2,
    "system_prompts": 8,
    "message_manager": 3,
    "filesystem": 2,
    "mcp": 7,
    "controller": 1,
    "gmail": 3,
    "watchdogs": 13,
    "dom": 5,
    "serializer": 6,
    "playground": 5,
    "telemetry": 3,
    "sync": 3,
    "tokens": 5,
    ".git": 28,
    "pack": 3,
    "info": 1,
    "logs": 1,
    "heads": 2,
    "origin": 2,
    "hooks": 14
  },
  "total_files_analyzed": 292,
  "frameworks_detected": [
    "ASP.NET"
  ],
  "ai_analysis": {}
}